"","City2","State2","savings","hpigap","Pop","Location"
"1","Abilene","TX",0.308726073869926,93.5353125,408,"Abilene, TX"
"2","Akron","OH",0.508130105214127,147.337,85,"Akron, OH"
"3","Albany","GA",0.258719825730135,51.07,13,"Albany, GA"
"4","Albany-Lebanon","OR",0.230452796198944,73.1972222222222,370,"Albany-Lebanon, OR"
"5","Albany-Schenectady-Troy","NY",0.29560533492862,95.7409375,334,"Albany-Schenectady-Troy, NY"
"6","Albuquerque","NM",0.304056306505406,77.6330769230769,1228,"Albuquerque, NM"
"7","Alexandria","LA",0.314427198490657,97.9475,251,"Alexandria, LA"
"8","Allentown-Bethlehem-Easton","PA",0.355746099266291,105.737,137,"Allentown-Bethlehem-Easton, PA"
"9","Altoona","PA",0.256672153769522,74.0825,32,"Altoona, PA"
"10","Amarillo","TX",0.274684788386321,81.6407142857143,450,"Amarillo, TX"
"11","Ames","IA",0.281849731442734,79.8685,126,"Ames, IA"
"12","Ann Arbor","MI",0.29878777163938,89.4416666666667,191,"Ann Arbor, MI"
"13","Anniston-Oxford","AL",0.477177864513735,153.13625,99,"Anniston-Oxford, AL"
"14","Appleton","WI",0.361630257652295,106.9445,273,"Appleton, WI"
"15","Asheville","NC",0.215582959859528,72.3121428571429,495,"Asheville, NC"
"16","Athens-Clarke County","GA",0.316871556357026,87.9125,33,"Athens-Clarke County, GA"
"17","Atlanta-Sandy Springs-Alpharetta","GA",0.270666050967238,80.1639285714286,2572,"Atlanta-Sandy Springs-Alpharetta, GA"
"18","Atlantic City-Hammonton","NJ",0.354360405837931,115.42,44,"Atlantic City-Hammonton, NJ"
"19","Auburn-Opelika","AL",0.337697888718553,95.8125,60,"Auburn-Opelika, AL"
"20","Augusta-Richmond County","GA",0.349727049862465,97.7469230769231,827,"Augusta-Richmond County, GA"
"21","Austin-Round Rock-GeorgeTown","TX",0.123370922979105,43.8066666666666,8151,"Austin-Round Rock-GeorgeTown, TX"
"22","Baltimore-Columbia-Towson","MD",0.22392881408716,63.786875,603,"Baltimore-Columbia-Towson, MD"
"23","Bangor","ME",0.361740747327085,109.05875,147,"Bangor, ME"
"24","Barnstable Town","MA",0.109348123141227,34.01,145,"Barnstable Town, MA"
"25","Baton Rouge","LA",0.217481329770169,74.895,275,"Baton Rouge, LA"
"26","Battle Creek","MI",0.393006448112953,112.318333333333,36,"Battle Creek, MI"
"27","Bay City","MI",0.338390878139067,74.045,47,"Bay City, MI"
"28","Beaumont-Port Arthur","TX",0.344052157841419,106.721111111111,783,"Beaumont-Port Arthur, TX"
"29","Beckley","WV",0.185766824484275,43.945,3,"Beckley, WV"
"30","Bellingham","WA",0.211999110150413,64.9144444444444,528,"Bellingham, WA"
"31","Bend","OR",0.144190322427155,51.8755,1834,"Bend, OR"
"32","Billings","MT",0.211959380241025,72.064375,100,"Billings, MT"
"33","Binghamton","NY",0.454340394018127,153.8475,46,"Binghamton, NY"
"34","Birmingham-Hoover","AL",0.292169599716984,86.623,276,"Birmingham-Hoover, AL"
"35","Bismarck","ND",0.0834954122142645,25.5525,37,"Bismarck, ND"
"36","Blacksburg-Christiansburg","VA",0.264029322713675,70.74,175,"Blacksburg-Christiansburg, VA"
"37","Bloomington","IL",0.388633913660632,99.153125,80,"Bloomington, IL"
"38","Bloomington","IN",0.279168312234933,76.9955,359,"Bloomington, IN"
"39","Bloomsburg-Berwick","PA",0.36166706856362,112.4875,14,"Bloomsburg-Berwick, PA"
"40","Boise City","ID",0.233782483001546,71.2908823529412,7439,"Boise City, ID"
"41","Boston-Cambridge-Newton","MA",0.148297452195179,53.405,1015,"Boston-Cambridge-Newton, MA"
"42","Boulder","CO",0.115943066394656,41.315625,1810,"Boulder, CO"
"43","Bowling Green","KY",0.442207816926881,133.293333333333,125,"Bowling Green, KY"
"44","Bremerton-Silverdale-Port Orchard","WA",0.21597762996771,67.5097222222222,1599,"Bremerton-Silverdale-Port Orchard, WA"
"45","Bridgeport-Stamford-Norwalk","CT",0.261961309310556,79.745,124,"Bridgeport-Stamford-Norwalk, CT"
"46","Brownsville-Harlingen","TX",0.338613129767459,84.6825,195,"Brownsville-Harlingen, TX"
"47","Brunswick","GA",0.42697271052969,146.38875,25,"Brunswick, GA"
"48","Buffalo-Cheektowaga","NY",0.325534138828353,88.195,195,"Buffalo-Cheektowaga, NY"
"49","Burlington","NC",0.581703256234713,205.32875,221,"Burlington, NC"
"50","Burlington-South Burlington","VT",0.280710627201995,92.3371428571429,272,"Burlington-South Burlington, VT"
"51","California-Lexington Park","MD",0.275324084351411,78.805,82,"California-Lexington Park, MD"
"52","Canton-Massillon","OH",0.408505595245299,102.64,79,"Canton-Massillon, OH"
"53","Cape Coral-Fort Myers","FL",0.229033826312561,71.3225,759,"Cape Coral-Fort Myers, FL"
"54","Cape Girardeau","MO",0.319355005013035,87.3641666666667,52,"Cape Girardeau, MO"
"55","Carbondale-Marion","IL",0.291019566422341,79.35,67,"Carbondale-Marion, IL"
"56","Carson City","NV",0.240320128727646,71.8861666666667,854,"Carson City, NV"
"57","Casper","WY",0.137818006707604,49.9675,57,"Casper, WY"
"58","Cedar Rapids","IA",0.487647577851827,161.466875,85,"Cedar Rapids, IA"
"59","Chambersburg-Waynesboro","PA",0.456668600619935,154.310833333333,25,"Chambersburg-Waynesboro, PA"
"60","Champaign-Urbana","IL",0.397912932849996,116.16,49,"Champaign-Urbana, IL"
"61","Charleston","WV",0.491441435747547,167.036875,106,"Charleston, WV"
"62","Charleston-North Charleston","SC",0.132837224943181,46.43375,521,"Charleston-North Charleston, SC"
"63","Charlotte-Concord-Gastonia","NC",0.263693027246355,76.7984615384615,2284,"Charlotte-Concord-Gastonia, NC"
"64","Charlottesville","VA",0.317715477473287,108.720833333333,139,"Charlottesville, VA"
"65","Chattanooga","TN",0.239599878155313,66.88575,1025,"Chattanooga, TN"
"66","Cheyenne","WY",0.300999191541935,100.59,243,"Cheyenne, WY"
"67","Chicago-Naperville-Elgin","IL",0.21259226144256,49.9139583333333,1352,"Chicago-Naperville-Elgin, IL"
"68","Cincinnati","OH",0.397912789027636,118.085,779,"Cincinnati, OH"
"69","Clarksville","TN",0.229102370516547,68.8184615384615,1041,"Clarksville, TN"
"70","Cleveland","TN",0.409117465307328,135.691666666667,190,"Cleveland, TN"
"71","Cleveland-Elyria","OH",0.465353154823722,131.8875,987,"Cleveland-Elyria, OH"
"72","Coeur d'Alene","ID",0.2579516498373,81.122,1176,"Coeur d'Alene, ID"
"73","College Station-Bryan","TX",0.256750011531105,76.5408333333333,376,"College Station-Bryan, TX"
"74","Colorado Springs","CO",0.307906756472393,95.520625,2218,"Colorado Springs, CO"
"75","Columbia","MO",0.332165292979323,99.582,182,"Columbia, MO"
"76","Columbia","SC",0.315954249997381,88.9298529411765,1920,"Columbia, SC"
"77","Columbus","GA",0.377600288185194,109.710208333333,416,"Columbus, GA"
"78","Columbus","IN",0.551658005074069,194.94625,41,"Columbus, IN"
"79","Columbus","OH",0.303137933504535,80.5725,367,"Columbus, OH"
"80","Corpus Christi","TX",0.232649480709468,68.611,569,"Corpus Christi, TX"
"81","Corvallis","OR",0.330815277851793,110.174166666667,398,"Corvallis, OR"
"82","Crestview-Fort Walton Beach-Destin","FL",0.23749997825791,77.4027777777778,554,"Crestview-Fort Walton Beach-Destin, FL"
"83","Cumberland","MD",0.558581507448434,197.33875,10,"Cumberland, MD"
"84","Dallas-Fort Worth-Arlington","TX",0.212790475524787,66.9014583333333,13789,"Dallas-Fort Worth-Arlington, TX"
"85","Dalton","GA",0.405042222890158,126.24,156,"Dalton, GA"
"86","Danville","IL",0.168491608677855,32.93,2,"Danville, IL"
"87","Daphne-Fairhope-Foley","AL",0.18125133397105,48.641,36,"Daphne-Fairhope-Foley, AL"
"88","Davenport-Moline-Rock Island","IA",0.238979953733536,63.7275,477,"Davenport-Moline-Rock Island, IA"
"89","Dayton-Kettering","OH",0.476453314282693,131.776818181818,727,"Dayton-Kettering, OH"
"90","Decatur","AL",0.336858799875979,94.05,7,"Decatur, AL"
"91","Decatur","IL",0.464785349802851,133.160833333333,66,"Decatur, IL"
"92","Deltona-Daytona Beach-Ormond Beach","FL",0.246531367886923,75.0192857142857,357,"Deltona-Daytona Beach-Ormond Beach, FL"
"93","Denver-Aurora-Lakewood","CO",0.103939429791494,36.6125,4210,"Denver-Aurora-Lakewood, CO"
"94","Des Moines-West Des Moines","IA",0.310147515388346,93.30875,408,"Des Moines-West Des Moines, IA"
"95","Detroit-Warren-Dearborn","MI",0.273610418319533,58.691,287,"Detroit-Warren-Dearborn, MI"
"96","Dothan","AL",0.409080411627347,122.645,51,"Dothan, AL"
"97","Dover","DE",0.39292650607253,134.08625,38,"Dover, DE"
"98","Dubuque","IA",0.36434333612405,116.6635,68,"Dubuque, IA"
"99","Duluth","MN",0.199309650430937,67.639375,139,"Duluth, MN"
"100","Durham-Chapel Hill","NC",0.21334248803921,61.605625,591,"Durham-Chapel Hill, NC"
"101","East Stroudsburg","PA",0.395016837098178,104.429166666667,116,"East Stroudsburg, PA"
"102","Eau Claire","WI",0.347452297260025,111.1575,36,"Eau Claire, WI"
"103","El Paso","TX",0.309539526201473,85.2205555555556,1635,"El Paso, TX"
"104","Elizabethtown-Fort Knox","KY",0.279580631782894,74.9241666666667,190,"Elizabethtown-Fort Knox, KY"
"105","Elkhart-Goshen","IN",0.401951537511314,109.686666666667,352,"Elkhart-Goshen, IN"
"106","Elmira","NY",0.333102170335029,82.16125,52,"Elmira, NY"
"107","Enid","OK",0.234237638909579,72.9004166666666,169,"Enid, OK"
"108","Erie","PA",0.413584751412226,129.2025,102,"Erie, PA"
"109","Eugene-Springfield","OR",0.209117286282301,64.9071666666667,3290,"Eugene-Springfield, OR"
"110","Evansville","IN",0.4007764713433,116.700833333333,269,"Evansville, IN"
"111","Fargo","ND",0.237192532048367,79.1375,81,"Fargo, ND"
"112","Farmington","NM",0.319004124688204,103.473125,186,"Farmington, NM"
"113","Fayetteville","NC",0.386149466279772,103.110961538462,768,"Fayetteville, NC"
"114","Fayetteville-Springdale-Rogers","AR",0.333655277284034,102.491388888889,1143,"Fayetteville-Springdale-Rogers, AR"
"115","Flagstaff","AZ",0.245452543442761,78.426,2036,"Flagstaff, AZ"
"116","Flint","MI",0.404901049123076,103.2635,152,"Flint, MI"
"117","Florence","SC",0.254986243215306,58.9875,62,"Florence, SC"
"118","Florence-Muscle Shoals","AL",0.332559090900335,106.114166666667,194,"Florence-Muscle Shoals, AL"
"119","Fond du Lac","WI",0.41230421812798,115.47,30,"Fond du Lac, WI"
"120","Fort Collins","CO",0.19395346986445,65.5975,1267,"Fort Collins, CO"
"121","Fort Smith","AR",0.315660709110138,91.5021875,439,"Fort Smith, AR"
"122","Fort Wayne","IN",0.377627689970755,97.4491666666667,315,"Fort Wayne, IN"
"123","Gadsden","AL",0.426067036411864,132.5175,5,"Gadsden, AL"
"124","Gainesville","FL",0.275217817567095,81.435625,516,"Gainesville, FL"
"125","Gainesville","GA",0.302813854496906,88.99,242,"Gainesville, GA"
"126","Gettysburg","PA",0.389604773949098,118.72,75,"Gettysburg, PA"
"127","Glens Falls","NY",0.472063048832943,167.44125,12,"Glens Falls, NY"
"128","Goldsboro","NC",0.378710906134945,104.13875,64,"Goldsboro, NC"
"129","Grand Forks","ND",0.157589736583662,46.045,167,"Grand Forks, ND"
"130","Grand Island","NE",0.382689248032868,127.521666666667,130,"Grand Island, NE"
"131","Grand Junction","CO",0.29740772341121,97.8241666666666,114,"Grand Junction, CO"
"132","Grand Rapids-Kentwood","MI",0.329998204772293,95.0485,995,"Grand Rapids-Kentwood, MI"
"133","Grants Pass","OR",0.225913948129933,71.4572916666666,752,"Grants Pass, OR"
"134","Great Falls","MT",0.187540582240081,48.9041666666667,109,"Great Falls, MT"
"135","Greeley","CO",0.22776764482737,73.6704166666667,334,"Greeley, CO"
"136","Green Bay","WI",0.478307247930985,156.2045,128,"Green Bay, WI"
"137","Greensboro-High Point","NC",0.442139419913079,131.4475,520,"Greensboro-High Point, NC"
"138","Greenville","NC",0.485334792858915,140.888333333333,100,"Greenville, NC"
"139","Greenville-Anderson","SC",0.350462047520336,105.5825,794,"Greenville-Anderson, SC"
"140","Gulfport-Biloxi","MS",0.258621017446852,68.5767857142857,748,"Gulfport-Biloxi, MS"
"141","Hagerstown-Martinsburg","MD",0.275474034221871,69.14,315,"Hagerstown-Martinsburg, MD"
"142","Hammond","LA",0.348163330921952,108.2875,15,"Hammond, LA"
"143","Harrisburg-Carlisle","PA",0.353766333899723,100.314166666667,258,"Harrisburg-Carlisle, PA"
"144","Harrisonburg","VA",0.23413471588869,66.7975,97,"Harrisonburg, VA"
"145","Hartford-East Hartford-MiddleTown","CT",0.352889367767687,104.16125,610,"Hartford-East Hartford-MiddleTown, CT"
"146","Hattiesburg","MS",0.228587904862341,64.19125,63,"Hattiesburg, MS"
"147","Hickory-Lenoir-Morganton","NC",0.41982232524028,126.140714285714,758,"Hickory-Lenoir-Morganton, NC"
"148","Hilton Head Island-Bluffton","SC",0.273894525151688,87.6995,174,"Hilton Head Island-Bluffton, SC"
"149","Hinesville","GA",0.453942393771367,142.006875,128,"Hinesville, GA"
"150","Homosassa Springs","FL",0.383956201513883,121.0775,14,"Homosassa Springs, FL"
"151","Hot Springs","AR",0.371842882515247,121.3025,165,"Hot Springs, AR"
"152","Houma-Thibodaux","LA",0.243276263965919,75.665,90,"Houma-Thibodaux, LA"
"153","Houston-The Woodlands-Sugar Land","TX",0.163968260977549,52.245,5156,"Houston-The Woodlands-Sugar Land, TX"
"154","Huntington-Ashland","WV",0.353504869615066,96.8916666666667,50,"Huntington-Ashland, WV"
"155","Huntsville","AL",0.398645846951494,126.015,634,"Huntsville, AL"
"156","Idaho Falls","ID",0.208191009475644,55.2525,617,"Idaho Falls, ID"
"157","Indianapolis-Carmel-Anderson","IN",0.355712046058731,92.0773076923077,1526,"Indianapolis-Carmel-Anderson, IN"
"158","Iowa City","IA",0.3691188599082,113.2025,356,"Iowa City, IA"
"159","Ithaca","NY",0.212284082206859,68.735,355,"Ithaca, NY"
"160","Jackson","MI",0.389224082684392,105.764375,204,"Jackson, MI"
"161","Jackson","MS",0.344082609112856,107.9515,151,"Jackson, MS"
"162","Jackson","TN",0.413481670939234,107.624166666667,38,"Jackson, TN"
"163","Jacksonville","FL",0.237531735617126,78.9167857142857,1301,"Jacksonville, FL"
"164","Jacksonville","NC",0.261271036903559,78.3147222222222,826,"Jacksonville, NC"
"165","Janesville-Beloit","WI",0.475584427603052,149.26375,67,"Janesville-Beloit, WI"
"166","Jefferson City","MO",0.31148837108176,83.8092857142857,129,"Jefferson City, MO"
"167","JohnsTown","PA",0.427201062062416,132.2535,210,"JohnsTown, PA"
"168","Johnson City","TN",0.393523255315969,124.58,114,"Johnson City, TN"
"169","Jonesboro","AR",0.447906703582515,133.465,73,"Jonesboro, AR"
"170","Joplin","MO",0.350675150315974,107.923333333333,127,"Joplin, MO"
"171","Kalamazoo-Portage","MI",0.396442833111624,117.8625,444,"Kalamazoo-Portage, MI"
"172","Kankakee","IL",0.430758978272023,110.615,105,"Kankakee, IL"
"173","Kansas City","MO",0.23255855311065,66.52675,1340,"Kansas City, MO"
"174","Kennewick-Richland","WA",0.30706151806614,92.1754166666666,666,"Kennewick-Richland, WA"
"175","Killeen-Temple","TX",0.355972849386447,103.730714285714,1586,"Killeen-Temple, TX"
"176","Kingsport-Bristol","TN",0.321220343630565,103.515,34,"Kingsport-Bristol, TN"
"177","Kingston","NY",0.431832067450849,167.865,14,"Kingston, NY"
"178","Knoxville","TN",0.251489273175927,77.91275,1097,"Knoxville, TN"
"179","Kokomo","IN",0.524303209627112,145.82875,11,"Kokomo, IN"
"180","La Crosse-Onalaska","WI",0.350966465765904,118.4375,80,"La Crosse-Onalaska, WI"
"181","Lafayette","LA",0.196661167389432,57.21,112,"Lafayette, LA"
"182","Lafayette-West Lafayette","IN",0.441984875940516,128.835833333333,312,"Lafayette-West Lafayette, IN"
"183","Lake Charles","LA",0.326595944329762,107.4725,50,"Lake Charles, LA"
"184","Lake Havasu City-Kingman","AZ",0.218873896235287,64.6315277777778,2734,"Lake Havasu City-Kingman, AZ"
"185","Lakeland-Winter Haven","FL",0.30885846972641,103.340833333333,392,"Lakeland-Winter Haven, FL"
"186","Lancaster","PA",0.288768461181735,78.0955,148,"Lancaster, PA"
"187","Lansing-East Lansing","MI",0.443198344336965,137.913333333333,421,"Lansing-East Lansing, MI"
"188","Laredo","TX",0.399314511688031,133.9875,62,"Laredo, TX"
"189","Las Cruces","NM",0.391644510873292,115.044166666667,463,"Las Cruces, NM"
"190","Las Vegas-Henderson-Paradise","NV",0.305252573213218,87.844,20463,"Las Vegas-Henderson-Paradise, NV"
"191","Lawrence","KS",0.249766953996096,75.4846428571429,101,"Lawrence, KS"
"192","Lawton","OK",0.355909746245649,94.84875,354,"Lawton, OK"
"193","Lebanon","PA",0.405647984640233,116.49625,48,"Lebanon, PA"
"194","Lewiston","ID",0.195081948985392,54.6539285714286,253,"Lewiston, ID"
"195","Lewiston-Auburn","ME",0.475955624212711,169.77,41,"Lewiston-Auburn, ME"
"196","Lexington-Fayette","KY",0.275694172607714,73.3808333333333,102,"Lexington-Fayette, KY"
"197","Lima","OH",0.395500136831393,109.956875,174,"Lima, OH"
"198","Lincoln","NE",0.313761126253809,87.3353571428571,486,"Lincoln, NE"
"199","Little Rock-North Little Rock-Conway","AR",0.26922368436891,74.205,163,"Little Rock-North Little Rock-Conway, AR"
"200","Logan","UT",0.230759730568806,63.7421428571429,266,"Logan, UT"
"201","Longview","TX",0.305104554926173,102.67375,112,"Longview, TX"
"202","Longview","WA",0.280235928596456,88.1053571428571,237,"Longview, WA"
"203","Louisville/Jefferson County","KY",0.347961285056635,106.20075,600,"Louisville/Jefferson County, KY"
"204","Lubbock","TX",0.307651317156885,93.6685714285714,505,"Lubbock, TX"
"205","Lynchburg","VA",0.352514936401101,113.984166666667,194,"Lynchburg, VA"
"206","Macon-Bibb County","GA",0.481770387191916,135.488125,67,"Macon-Bibb County, GA"
"207","Madison","WI",0.248066138707407,68.76875,278,"Madison, WI"
"208","Manchester-Nashua","NH",0.30297585281192,100.576666666667,239,"Manchester-Nashua, NH"
"209","Manhattan","KS",0.244416201682993,77.445,343,"Manhattan, KS"
"210","Mankato","MN",0.0737281227635608,15.765,22,"Mankato, MN"
"211","Mansfield","OH",0.536283539138681,159.308333333333,67,"Mansfield, OH"
"212","McAllen-Edinburg-Mission","TX",0.397917474011183,122.741785714286,454,"McAllen-Edinburg-Mission, TX"
"213","Medford","OR",0.230878620981203,78.2483333333333,1307,"Medford, OR"
"214","Memphis","TN",0.359099626093874,96.1416666666667,858,"Memphis, TN"
"215","Miami-Fort Lauderdale-Pompano Beach","FL",0.0803134152526508,24.47,1004,"Miami-Fort Lauderdale-Pompano Beach, FL"
"216","Michigan City-La Porte","IN",0.322605854958255,86.8925,57,"Michigan City-La Porte, IN"
"217","Midland","MI",0.560650815068435,189.548125,60,"Midland, MI"
"218","Midland","TX",0.0985011786746168,36.14875,203,"Midland, TX"
"219","Milwaukee-Waukesha","WI",0.285250409658734,83.9266666666666,279,"Milwaukee-Waukesha, WI"
"220","Minneapolis-St. Paul-Bloomington","MN",0.210036178795361,62.455625,415,"Minneapolis-St. Paul-Bloomington, MN"
"221","Missoula","MT",0.186787528714489,62.531875,460,"Missoula, MT"
"222","Mobile","AL",0.282169178454118,71.4555,53,"Mobile, AL"
"223","Monroe","LA",0.334306569343066,99.615,9,"Monroe, LA"
"224","Monroe","MI",0.375308158481464,98.685,22,"Monroe, MI"
"225","Montgomery","AL",0.3659062919004,87.2491666666667,318,"Montgomery, AL"
"226","MorganTown","WV",0.261004986156056,73.42125,119,"MorganTown, WV"
"227","MorrisTown","TN",0.373973577701981,107.61375,75,"MorrisTown, TN"
"228","Mount Vernon-Anacortes","WA",0.2527969514483,80.3625,178,"Mount Vernon-Anacortes, WA"
"229","Muncie","IN",0.298714716192116,60.7175,14,"Muncie, IN"
"230","Muskegon","MI",0.303858629557062,79.6358333333333,22,"Muskegon, MI"
"231","Myrtle Beach-Conway-North Myrtle Beach","SC",0.224103742407827,62.2483333333333,304,"Myrtle Beach-Conway-North Myrtle Beach, SC"
"232","Naples-Marco Island","FL",0.171258033140344,62.425625,238,"Naples-Marco Island, FL"
"233","Nashville-Davidson--Murfreesboro--Franklin","TN",0.246911972581734,81.6939285714285,2404,"Nashville-Davidson--Murfreesboro--Franklin, TN"
"234","New Bern","NC",0.435478686191476,132.42775,502,"New Bern, NC"
"235","New Haven-Milford","CT",0.374668495300332,118.0140625,174,"New Haven-Milford, CT"
"236","New Orleans-Metairie","LA",0.223279573232885,64.4107142857143,234,"New Orleans-Metairie, LA"
"237","New York-Newark-Jersey City","NY",0.0935321055520068,25.99,12,"New York-Newark-Jersey City, NY"
"238","Niles","MI",0.345590683001307,108.039,138,"Niles, MI"
"239","North Port-Sarasota-Bradenton","FL",0.173155548492655,55.243125,792,"North Port-Sarasota-Bradenton, FL"
"240","Norwich-New London","CT",0.317249264847075,98.028,137,"Norwich-New London, CT"
"241","Ocala","FL",0.330563174448806,100.771071428571,290,"Ocala, FL"
"242","Ocean City","NJ",0.158588941501014,54.7225,313,"Ocean City, NJ"
"243","Odessa","TX",0.204286551474636,68.6966666666666,295,"Odessa, TX"
"244","Ogden-Clearfield","UT",0.260257522300441,79.748125,1331,"Ogden-Clearfield, UT"
"245","Oklahoma City","OK",0.26910924428601,80.2938636363636,1618,"Oklahoma City, OK"
"246","Olympia-Lacey-Tumwater","WA",0.25065548945006,77.9990909090909,696,"Olympia-Lacey-Tumwater, WA"
"247","Omaha-Council Bluffs","NE",0.314127992224892,91.27475,513,"Omaha-Council Bluffs, NE"
"248","Orlando-Kissimmee-Sanford","FL",0.18388561956664,51.45875,769,"Orlando-Kissimmee-Sanford, FL"
"249","Oshkosh-Neenah","WI",0.475580213058189,144.8875,253,"Oshkosh-Neenah, WI"
"250","Palm Bay-Melbourne-Titusville","FL",0.205664907344189,58.0892857142857,1183,"Palm Bay-Melbourne-Titusville, FL"
"251","Panama City","FL",0.326234131670829,99.4325,168,"Panama City, FL"
"252","Parkersburg-Vienna","WV",0.248866579791281,59.24875,32,"Parkersburg-Vienna, WV"
"253","Pensacola-Ferry Pass-Brent","FL",0.243118573866664,69.6594642857143,468,"Pensacola-Ferry Pass-Brent, FL"
"254","Peoria","IL",0.318495710836914,90.4853571428572,84,"Peoria, IL"
"255","Philadelphia-Camden-Wilmington","PA",0.204213648565918,67.0245,328,"Philadelphia-Camden-Wilmington, PA"
"256","Phoenix-Mesa-Chandler","AZ",0.192144689748375,61.6661363636364,20826,"Phoenix-Mesa-Chandler, AZ"
"257","Pine Bluff","AR",0.186131293491609,36.3775,9,"Pine Bluff, AR"
"258","Pittsburgh","PA",0.208757932498772,56.62975,468,"Pittsburgh, PA"
"259","Pittsfield","MA",0.2828460466853,88.159,238,"Pittsfield, MA"
"260","Pocatello","ID",0.252838177724654,72.8059375,170,"Pocatello, ID"
"261","Port St. Lucie","FL",0.309596680172248,102.935416666667,414,"Port St. Lucie, FL"
"262","Portland-South Portland","ME",0.194374791233391,64.4783333333333,59,"Portland-South Portland, ME"
"263","Portland-Vancouver-Hillsboro","OR",0.139308045273002,48.2992857142857,8199,"Portland-Vancouver-Hillsboro, OR"
"264","Poughkeepsie-Newburgh-MiddleTown","NY",0.241486961770522,65.1408333333333,297,"Poughkeepsie-Newburgh-MiddleTown, NY"
"265","Prescott Valley-Prescott","AZ",0.256131939149427,80.0872727272727,2465,"Prescott Valley-Prescott, AZ"
"266","Providence-Warwick","RI",0.241643248990665,76.0485,871,"Providence-Warwick, RI"
"267","Provo-Orem","UT",0.266858908108532,83.794,2644,"Provo-Orem, UT"
"268","Pueblo","CO",0.173259012605177,39.06625,54,"Pueblo, CO"
"269","Punta Gorda","FL",0.327238576720896,108.1825,190,"Punta Gorda, FL"
"270","Racine","WI",0.274393064640918,62.94,24,"Racine, WI"
"271","Raleigh-Cary","NC",0.32846175814012,95.495,1393,"Raleigh-Cary, NC"
"272","Rapid City","SD",0.231496887740293,77.6775,419,"Rapid City, SD"
"273","Reading","PA",0.586818529689821,228.1125,26,"Reading, PA"
"274","Reno","NV",0.262446893926744,80.715625,3195,"Reno, NV"
"275","Richmond","VA",0.314744644591124,98.042,335,"Richmond, VA"
"276","Roanoke","VA",0.364309558085242,104.8865,194,"Roanoke, VA"
"277","Rochester","MN",0.323676093754776,94.3425,288,"Rochester, MN"
"278","Rochester","NY",0.396288268995435,103.13875,434,"Rochester, NY"
"279","Rockford","IL",0.527464748114218,143.5275,59,"Rockford, IL"
"280","Rocky Mount","NC",0.555546271526713,181.415833333333,64,"Rocky Mount, NC"
"281","Saginaw","MI",0.484020565779033,142.016,76,"Saginaw, MI"
"282","Salem","OR",0.217583383683813,68.0685416666667,1065,"Salem, OR"
"283","Salisbury","MD",0.243917155402796,70.6065,53,"Salisbury, MD"
"284","Salt Lake City","UT",0.211189710384554,68.3115,2969,"Salt Lake City, UT"
"285","San Angelo","TX",0.144118896606837,40.7079166666667,344,"San Angelo, TX"
"286","San Antonio-New Braunfels","TX",0.250317318624151,77.7946428571428,3527,"San Antonio-New Braunfels, TX"
"287","Santa Fe","NM",0.390766423074161,123.675357142857,380,"Santa Fe, NM"
"288","Savannah","GA",0.233229117063249,66.8666666666667,152,"Savannah, GA"
"289","Scranton--Wilkes-Barre","PA",0.363987151308237,101.926,425,"Scranton--Wilkes-Barre, PA"
"290","Seattle-Tacoma-Bellevue","WA",0.16464058199654,59.676875,7478,"Seattle-Tacoma-Bellevue, WA"
"291","Sebastian-Vero Beach","FL",0.2551229791957,73.7025,372,"Sebastian-Vero Beach, FL"
"292","Sebring-Avon Park","FL",0.420070733863837,130.6525,26,"Sebring-Avon Park, FL"
"293","Sheboygan","WI",0.456347008977263,135.98,13,"Sheboygan, WI"
"294","Sherman-Denison","TX",0.186003427295189,53.0366666666667,172,"Sherman-Denison, TX"
"295","Shreveport-Bossier City","LA",0.288978792186629,78.484375,184,"Shreveport-Bossier City, LA"
"296","Sierra Vista-Douglas","AZ",0.381169846615535,113.7165,699,"Sierra Vista-Douglas, AZ"
"297","Sioux City","IA",0.40227485168312,131.869166666667,66,"Sioux City, IA"
"298","Sioux Falls","SD",0.282275632044134,89.2233333333333,1039,"Sioux Falls, SD"
"299","South Bend-Mishawaka","IN",0.479370957561482,152.915,39,"South Bend-Mishawaka, IN"
"300","Spartanburg","SC",0.351112509184193,92.1892857142857,448,"Spartanburg, SC"
"301","Spokane-Spokane Valley","WA",0.236818608361798,67.2788888888889,3017,"Spokane-Spokane Valley, WA"
"302","Springfield","IL",0.470647982662713,152.694166666667,125,"Springfield, IL"
"303","Springfield","MA",0.252749898394553,70.759,152,"Springfield, MA"
"304","Springfield","MO",0.386751654703808,110.813392857143,563,"Springfield, MO"
"305","Springfield","OH",0.446855385941034,114.09,179,"Springfield, OH"
"306","St. Cloud","MN",0.212099449690559,57.9946428571429,139,"St. Cloud, MN"
"307","St. George","UT",0.312934059826717,91.43,1453,"St. George, UT"
"308","St. Joseph","MO",0.244793468230346,63.35625,6,"St. Joseph, MO"
"309","St. Louis","MO",0.235147511211285,68.1496875,865,"St. Louis, MO"
"310","State College","PA",0.266411548019519,87.03,140,"State College, PA"
"311","Staunton","VA",0.272108124318192,77.5008333333333,210,"Staunton, VA"
"312","Sumter","SC",0.253919118459403,67.109375,136,"Sumter, SC"
"313","Syracuse","NY",0.33260604530814,88.56,274,"Syracuse, NY"
"314","Tallahassee","FL",0.340037657138388,112.51625,90,"Tallahassee, FL"
"315","Tampa-St. Petersburg-Clearwater","FL",0.17772489555277,55.0716666666667,423,"Tampa-St. Petersburg-Clearwater, FL"
"316","Terre Haute","IN",0.46145456958339,129.5475,89,"Terre Haute, IN"
"317","Texarkana","TX",0.32952108649035,84.1325,1,"Texarkana, TX"
"318","The Villages","FL",0.0311126141359487,7.36000000000001,43,"The Villages, FL"
"319","Toledo","OH",0.391937493086153,95.9392857142857,101,"Toledo, OH"
"320","Topeka","KS",0.364627024712039,109.637777777778,145,"Topeka, KS"
"321","Trenton-Princeton","NJ",0.268919450835207,79.3075,330,"Trenton-Princeton, NJ"
"322","Tucson","AZ",0.239128879921189,70.0140277777778,3632,"Tucson, AZ"
"323","Tulsa","OK",0.23826953157978,69.8688235294118,1666,"Tulsa, OK"
"324","Tuscaloosa","AL",0.261812356073091,68.99,427,"Tuscaloosa, AL"
"325","Twin Falls","ID",0.262161786326565,73.1728125,663,"Twin Falls, ID"
"326","Tyler","TX",0.372265618854533,119.688125,269,"Tyler, TX"
"327","Utica-Rome","NY",0.332430324439226,97.0716666666667,31,"Utica-Rome, NY"
"328","Valdosta","GA",0.426139986656029,128.9975,43,"Valdosta, GA"
"329","Victoria","TX",0.438093559592743,165.9625,85,"Victoria, TX"
"330","Vineland-Bridgeton","NJ",0.463829274174102,144.2625,30,"Vineland-Bridgeton, NJ"
"331","Virginia Beach-Norfolk-Newport News","VA",0.17893452797712,49.9990625,1241,"Virginia Beach-Norfolk-Newport News, VA"
"332","Waco","TX",0.289732376773485,91.8402777777778,1054,"Waco, TX"
"333","Walla Walla","WA",0.307237384652553,99.51375,334,"Walla Walla, WA"
"334","Warner Robins","GA",0.548092042229577,176.775833333333,268,"Warner Robins, GA"
"335","Waterloo-Cedar Falls","IA",0.207260172587939,59.729375,280,"Waterloo-Cedar Falls, IA"
"336","Watertown-Fort Drum","NY",0.273184321649153,94.093,182,"Watertown-Fort Drum, NY"
"337","Wausau-Weston","WI",0.405372440930025,134.4025,8,"Wausau-Weston, WI"
"338","Weirton-Steubenville","WV",0.409105821972709,131.801875,82,"Weirton-Steubenville, WV"
"339","Wenatchee","WA",0.226699465931817,71.30625,236,"Wenatchee, WA"
"340","Wheeling","WV",0.368325303613328,107.418333333333,14,"Wheeling, WV"
"341","Wichita","KS",0.321571955012221,85.5897222222222,636,"Wichita, KS"
"342","Wichita Falls","TX",0.324689933965956,92.0638636363636,341,"Wichita Falls, TX"
"343","Williamsport","PA",0.266845926707098,76.7725,75,"Williamsport, PA"
"344","Wilmington","NC",0.216301011551798,74.780625,126,"Wilmington, NC"
"345","Winston-Salem","NC",0.424224834933023,132.259166666667,359,"Winston-Salem, NC"
"346","Worcester","MA",0.252766099212427,78.1567857142857,386,"Worcester, MA"
"347","Yakima","WA",0.319157363426396,96.9586363636364,391,"Yakima, WA"
"348","York-Hanover","PA",0.281612205530266,68.2333333333333,39,"York-Hanover, PA"
"349","Youngstown-Warren-Boardman","OH",0.390602075063698,102.5159375,157,"Youngstown-Warren-Boardman, OH"
"350","Yuma","AZ",0.313769307691595,88.3235,1210,"Yuma, AZ"
