NAME,POP,metropolitan statistical area/micropolitan statistical area
"Big Stone Gap, VA Micro Area",41364,13720
"Billings, MT Metro Area",181667,13740
"Binghamton, NY Metro Area",238691,13780
"Birmingham-Hoover, AL Metro Area",1090435,13820
"Bismarck, ND Metro Area",128949,13900
"Blackfoot, ID Micro Area",46811,13940
"Blacksburg-Christiansburg, VA Metro Area",167531,13980
"Bloomington, IL Metro Area",171517,14010
"Bloomington, IN Metro Area",169230,14020
"Bloomsburg-Berwick, PA Metro Area",83194,14100
"Bluefield, WV-VA Micro Area",105633,14140
"Blytheville, AR Micro Area",40651,14180
"Bogalusa, LA Micro Area",46194,14220
"Boise City, ID Metro Area",749202,14260
"Bonham, TX Micro Area",35514,14300
"Boone, NC Micro Area",56177,14380
"Borger, TX Micro Area",20938,14420
"Boston-Cambridge-Newton, MA-NH Metro Area",4873019,14460
"Boulder, CO Metro Area",326196,14500
"Bowling Green, KY Metro Area",179240,14540
"Bozeman, MT Micro Area",114434,14580
"Bradford, PA Micro Area",40625,14620
"Bremerton-Silverdale-Port Orchard, WA Metro Area",271473,14740
"Brainerd, MN Micro Area",94834,14660
"Branson, MO Micro Area",55928,14700
"Breckenridge, CO Micro Area",31011,14720
"Brenham, TX Micro Area",35882,14780
"Brevard, NC Micro Area",34385,14820
"Bridgeport-Stamford-Norwalk, CT Metro Area",943332,14860
"Brookhaven, MS Micro Area",34153,15020
"Brownsville, TN Micro Area",17304,15140
"Brownsville-Harlingen, TX Metro Area",423163,15180
"Brookings, OR Micro Area",22925,15060
"Brookings, SD Micro Area",35077,15100
"Brownwood, TX Micro Area",37864,15220
"Brunswick, GA Metro Area",118779,15260
"Bucyrus-Galion, OH Micro Area",41494,15340
"Buffalo-Cheektowaga, NY Metro Area",1127983,15380
"Burlington-South Burlington, VT Metro Area",220411,15540
"Burley, ID Micro Area",45069,15420
"Burlington, IA-IL Micro Area",45613,15460
"Burlington, NC Metro Area",169509,15500
"Butte-Silver Bow, MT Micro Area",34915,15580
"Cadillac, MI Micro Area",48749,15620
"Calhoun, GA Micro Area",57963,15660
"California-Lexington Park, MD Metro Area",113510,15680
"Campbellsville, KY Micro Area",36710,15820
"Cambridge, MD Micro Area",31929,15700
"Cambridge, OH Micro Area",38875,15740
"Camden, AR Micro Area",28571,15780
"Cañon City, CO Micro Area",47839,15860
"Canton-Massillon, OH Metro Area",397520,15940
"Cape Coral-Fort Myers, FL Metro Area",770577,15980
"Cape Girardeau, MO-IL Metro Area",96765,16020
"Cheyenne, WY Metro Area",99500,16940
"Chicago-Naperville-Elgin, IL-IN-WI Metro Area",9458539,16980
"Carson City, NV Metro Area",55916,16180
"Carlsbad-Artesia, NM Micro Area",58460,16100
"Carbondale-Marion, IL Metro Area",135764,16060
"Carroll, IA Micro Area",20165,16140
"Casper, WY Metro Area",79858,16220
"Cedar City, UT Micro Area",54839,16260
"Cedar Rapids, IA Metro Area",273032,16300
"Cedartown, GA Micro Area",42613,16340
"Centralia, WA Micro Area",80707,16500
"Celina, OH Micro Area",41172,16380
"Central City, KY Micro Area",30622,16420
"Centralia, IL Micro Area",37205,16460
"Chambersburg-Waynesboro, PA Metro Area",155027,16540
"Champaign-Urbana, IL Metro Area",226033,16580
"Charleston, WV Metro Area",257074,16620
"Charlottesville, VA Metro Area",218615,16820
"Charleston-Mattoon, IL Micro Area",61387,16660
"Charleston-North Charleston, SC Metro Area",802122,16700
"Charlotte-Concord-Gastonia, NC-SC Metro Area",2636883,16740
"Chattanooga, TN-GA Metro Area",565194,16860
"Chico, CA Metro Area",219186,17020
"Chillicothe, OH Micro Area",76666,17060
"Clarksville, TN-KY Metro Area",307820,17300
"Cincinnati, OH-KY-IN Metro Area",2221208,17140
"Clarksburg, WV Micro Area",92399,17220
"Clarksdale, MS Micro Area",22124,17260
"Clearlake, CA Micro Area",64386,17340
"Cleveland, MS Micro Area",30628,17380
"Cleveland, TN Metro Area",124942,17420
"Cleveland-Elyria, OH Metro Area",2048449,17460
"Coamo, PR Micro Area",38336,17620
"Clewiston, FL Micro Area",42022,17500
"Clinton, IA Micro Area",46429,17540
"Clovis, NM Micro Area",48954,17580
"Coco, PR Micro Area",27128,17640
"Coeur d'Alene, ID Metro Area",165697,17660
"Coffeyville, KS Micro Area",31829,17700
"Coldwater, MI Micro Area",43517,17740
"Columbia, MO Metro Area",208173,17860
"Columbia, SC Metro Area",838433,17900
"College Station-Bryan, TX Metro Area",264728,17780
"Colorado Springs, CO Metro Area",745791,17820
"Columbus, GA-AL Metro Area",321048,17980
"Columbus, IN Metro Area",83779,18020
"Columbus, MS Micro Area",58595,18060
"Columbus, NE Micro Area",33470,18100
"Coos Bay, OR Micro Area",64487,18300
"Columbus, OH Metro Area",2122271,18140
"Concord, NH Micro Area",151391,18180
"Connersville, IN Micro Area",23102,18220
"Cookeville, TN Micro Area",114272,18260
"Cordele, GA Micro Area",22372,18380
"Corinth, MS Micro Area",36953,18420
"Cornelia, GA Micro Area",45328,18460
"Corvallis, OR Metro Area",93053,18700
"Cullman, AL Micro Area",83768,18980
"Corning, NY Micro Area",95379,18500
"Corpus Christi, TX Metro Area",429024,18580
"Corsicana, TX Micro Area",50113,18620
"Cortland, NY Micro Area",47581,18660
"Coshocton, OH Micro Area",36600,18740
"Craig, CO Micro Area",13283,18780
"Crawfordsville, IN Micro Area",38338,18820
"Crescent City, CA Micro Area",27812,18860
"Crestview-Fort Walton Beach-Destin, FL Metro Area",284809,18880
"Crossville, TN Micro Area",60520,18900
"Denver-Aurora-Lakewood, CO Metro Area",2967239,19740
"Decatur, IN Micro Area",35777,19540
"Defiance, OH Micro Area",38087,19580
"Del Rio, TX Micro Area",49025,19620
"Deltona-Daytona Beach-Ormond Beach, FL Metro Area",668365,19660
"Deming, NM Micro Area",23709,19700
"DeRidder, LA Micro Area",37497,19760
"Dickinson, ND Micro Area",32417,19860
"Dixon, IL Micro Area",34096,19940
"Des Moines-West Des Moines, IA Metro Area",699292,19780
"Detroit-Warren-Dearborn, MI Metro Area",4319629,19820
"Dodge City, KS Micro Area",33619,19980
"Cullowhee, NC Micro Area",58209,19000
"Cumberland, MD-WV Metro Area",97284,19060
"Dallas-Fort Worth-Arlington, TX Metro Area",7573136,19100
"Dalton, GA Metro Area",144724,19140
"Daphne-Fairhope-Foley, AL Metro Area",223234,19300
"Danville, IL Metro Area",75758,19180
"Danville, KY Micro Area",54609,19220
"Danville, VA Micro Area",100398,19260
"Davenport-Moline-Rock Island, IA-IL Metro Area",379172,19340
"Dayton, TN Micro Area",33167,19420
"Dayton-Kettering, OH Metro Area",807611,19430
"Decatur, AL Metro Area",152603,19460
"Decatur, IL Metro Area",104009,19500
"Dothan, AL Metro Area",149358,20020
"Douglas, GA Micro Area",51438,20060
"Dover, DE Metro Area",180786,20100
"Duluth, MN-WI Metro Area",288732,20260
"Dublin, GA Micro Area",64090,20140
"DuBois, PA Micro Area",79255,20180
"Dubuque, IA Metro Area",97311,20220
"Dumas, TX Micro Area",20940,20300
"Duncan, OK Micro Area",43143,20340
"Durango, CO Micro Area",56221,20420
"Durant, OK Micro Area",47995,20460
"Eagle Pass, TX Micro Area",58722,20580
"Easton, MD Micro Area",37181,20660
"Durham-Chapel Hill, NC Metro Area",644367,20500
"Dyersburg, TN Micro Area",37159,20540
"East Stroudsburg, PA Metro Area",170271,20700
"Eau Claire, WI Metro Area",169304,20740
"Edwards, CO Micro Area",55127,20780
"Effingham, IL Micro Area",34008,20820
"Elizabeth City, NC Micro Area",53287,21020
"El Campo, TX Micro Area",41556,20900
"El Centro, CA Metro Area",181215,20940
"El Dorado, AR Micro Area",38682,20980
"Elizabethtown-Fort Knox, KY Metro Area",153928,21060
"Elk City, OK Micro Area",21859,21120
"Elkhart-Goshen, IN Metro Area",206341,21140
"Elkins, WV Micro Area",28695,21180
"El Paso, TX Metro Area",844124,21340
"Elko, NV Micro Area",54807,21220
"Ellensburg, WA Micro Area",47935,21260
"Elmira, NY Metro Area",83456,21300
"Emporia, KS Micro Area",35843,21380
"Enid, OK Metro Area",61056,21420
"Enterprise, AL Micro Area",52342,21460
"Erie, PA Metro Area",269728,21500
"Eureka-Arcata, CA Micro Area",135558,21700
"Española, NM Micro Area",38921,21580
"Escanaba, MI Micro Area",35784,21540
"Eufaula, AL-GA Micro Area",26985,21640
"Eugene-Springfield, OR Metro Area",382067,21660
"Forrest City, AR Micro Area",24994,22620
"Evanston, WY Micro Area",20226,21740
"Evansville, IN-KY Metro Area",315086,21780
"Fairbanks, AK Metro Area",96849,21820
"Fallon, NV Micro Area",24909,21980
"Fairmont, MN Micro Area",19683,21860
"Fairfield, IA Micro Area",18295,21840
"Fairmont, WV Micro Area",56072,21900
"Fort Smith, AR-OK Metro Area",250368,22900
"Fort Morgan, CO Micro Area",29068,22820
"Fort Payne, AL Micro Area",71513,22840
"Fort Polk South, LA Micro Area",47429,22860
"Fargo, ND-MN Metro Area",246145,22020
"Faribault-Northfield, MN Micro Area",66972,22060
"Farmington, MO Micro Area",67215,22100
"Farmington, NM Metro Area",123958,22140
"Fernley, NV Micro Area",57510,22280
"Fayetteville, NC Metro Area",526719,22180
"Fayetteville-Springdale-Rogers, AR Metro Area",534904,22220
"Fergus Falls, MN Micro Area",58746,22260
"Findlay, OH Micro Area",75783,22300
"Fitzgerald, GA Micro Area",16700,22340
"Flagstaff, AZ Metro Area",143476,22380
"Flint, MI Metro Area",405813,22420
"Florence, SC Metro Area",204911,22500
"Florence-Muscle Shoals, AL Metro Area",147970,22520
"Fond du Lac, WI Metro Area",103403,22540
"Forest City, NC Micro Area",67029,22580
"Fort Leonard Wood, MO Micro Area",52607,22780
"Fort Madison-Keokuk, IA-IL-MO Micro Area",58162,22800
"Fort Wayne, IN Metro Area",413263,23060
"Frankfort, IN Micro Area",32399,23140
"Frankfort, KY Micro Area",73738,23180
"Fremont, NE Micro Area",36565,23340
"Fremont, OH Micro Area",58518,23380
"Fredericksburg, TX Micro Area",26988,23240
"Freeport, IL Micro Area",44498,23300
"Fresno, CA Metro Area",999101,23420
"Gadsden, AL Metro Area",102268,23460
"Gaffney, SC Micro Area",57300,23500
"Gainesville, FL Metro Area",329128,23540
"Gallup, NM Micro Area",71367,23700
"Gainesville, GA Metro Area",204441,23580
"Gainesville, TX Micro Area",41257,23620
"Galesburg, IL Micro Area",49699,23660
"Garden City, KS Micro Area",40305,23780
"Gardnerville Ranchos, NV Micro Area",48905,23820
"Georgetown, SC Micro Area",62680,23860
"Gettysburg, PA Metro Area",103009,23900
"Glenwood Springs, CO Micro Area",77828,24060
"Gillette, WY Micro Area",60852,23940
"Glasgow, KY Micro Area",54320,23980
"Glens Falls, NY Metro Area",125148,24020
"Gloversville, NY Micro Area",53383,24100
"Goldsboro, NC Metro Area",123131,24140
"Granbury, TX Micro Area",61643,24180
"Grand Forks, ND-MN Metro Area",100815,24220
"Grants Pass, OR Metro Area",87487,24420
"Grand Junction, CO Metro Area",154210,24300
"Grand Island, NE Metro Area",75553,24260
"Grand Rapids, MN Micro Area",45130,24330
"Grand Rapids-Kentwood, MI Metro Area",1077370,24340
"Grants, NM Micro Area",26675,24380
"Great Bend, KS Micro Area",25779,24460
"Great Falls, MT Metro Area",81366,24500
"Greensboro-High Point, NC Metro Area",771851,24660
"Greeley, CO Metro Area",324492,24540
"Green Bay, WI Metro Area",322906,24580
"Greeneville, TN Micro Area",69069,24620
"Greensburg, IN Micro Area",26559,24700
"Greenville, MS Micro Area",43909,24740
"Greenville, NC Metro Area",180742,24780
"Greenville, OH Micro Area",51113,24820
"Gulfport-Biloxi, MS Metro Area",417665,25060
"Greenville-Anderson, SC Metro Area",920477,24860
"Greenwood, MS Micro Area",38130,24900
"Greenwood, SC Micro Area",70811,24940
"Grenada, MS Micro Area",20758,24980
"Guayama, PR Metro Area",72914,25020
"Guymon, OK Micro Area",19983,25100
"Hagerstown-Martinsburg, MD-WV Metro Area",288104,25180
"Hannibal, MO Micro Area",38839,25300
"Hailey, ID Micro Area",24127,25200
"Hammond, LA Metro Area",134758,25220
"Hanford-Corcoran, CA Metro Area",152940,25260
"Harrisburg-Carlisle, PA Metro Area",577941,25420
"Harrison, AR Micro Area",45185,25460
"Harrisonburg, VA Metro Area",134964,25500
"Hartford-East Hartford-Middletown, CT Metro Area",1204877,25540
"Heber, UT Micro Area",76236,25720
"Hastings, NE Micro Area",31363,25580
"Hattiesburg, MS Metro Area",168849,25620
"Hays, KS Micro Area",28553,25700
"Helena, MT Micro Area",81653,25740
"Helena-West Helena, AR Micro Area",17782,25760
"Henderson, NC Micro Area",44535,25780
"Hereford, TX Micro Area",18546,25820
"Hillsdale, MI Micro Area",45605,25880
"Hilo, HI Micro Area",201513,25900
"Hermiston-Pendleton, OR Micro Area",89553,25840
"Hickory-Lenoir-Morganton, NC Metro Area",369711,25860
"Hilton Head Island-Bluffton, SC Metro Area",222195,25940
"Hinesville, GA Metro Area",80994,25980
"Hobbs, NM Micro Area",71070,26020
"Holland, MI Micro Area",118081,26090
"Hot Springs, AR Metro Area",99386,26300
"Homosassa Springs, FL Metro Area",149657,26140
"Hood River, OR Micro Area",23382,26220
"Hope, AR Micro Area",29784,26260
"Houghton, MI Micro Area",37800,26340
"Houma-Thibodaux, LA Metro Area",208075,26380
"Houston-The Woodlands-Sugar Land, TX Metro Area",7066141,26420
"Hudson, NY Micro Area",59461,26460
"Huntsville, AL Metro Area",471824,26620
"Huntingdon, PA Micro Area",45144,26500
"Huntington, IN Micro Area",36520,26540
"Huntington-Ashland, WV-KY-OH Metro Area",355873,26580
"Huntsville, TX Micro Area",72971,26660
"Huron, SD Micro Area",20466,26700
"Hutchinson, MN Micro Area",35893,26780
"Hutchinson, KS Micro Area",61998,26740
"Indianola, MS Micro Area",25110,26940
"Indiana, PA Micro Area",84073,26860
"Idaho Falls, ID Metro Area",151530,26820
"Indianapolis-Carmel-Anderson, IN Metro Area",2074537,26900
"Iowa City, IA Metro Area",173105,26980
"Iron Mountain, MI-WI Micro Area",29534,27020
"Ithaca, NY Metro Area",102180,27060
"Jackson, TN Metro Area",178644,27180
"Jackson, MI Metro Area",158510,27100
"Jackson, MS Metro Area",594806,27140
"Jackson, OH Micro Area",32413,27160
"Jackson, WY-ID Micro Area",35606,27220
"Jacksonville, FL Metro Area",1559514,27260
"Jacksonville, IL Micro Area",38609,27300
"Jacksonville, NC Metro Area",197938,27340
"Janesville-Beloit, WI Metro Area",163354,27500
"Jacksonville, TX Micro Area",52646,27380
"Jamestown, ND Micro Area",20704,27420
"Jamestown-Dunkirk-Fredonia, NY Micro Area",126903,27460
"Jefferson, GA Micro Area",72977,27600
"Jasper, AL Micro Area",63521,27530
"Jasper, IN Micro Area",55125,27540
"Jayuya, PR Micro Area",13891,27580
"Johnson City, TN Metro Area",203649,27740
"Jefferson City, MO Metro Area",151235,27620
"Jennings, LA Micro Area",31368,27660
"Jesup, GA Micro Area",29927,27700
"Johnstown, PA Metro Area",130192,27780
"Jonesboro, AR Metro Area",133860,27860
"Joplin, MO Metro Area",179564,27900
"Juneau, AK Micro Area",31974,27940
"Kahului-Wailuku-Lahaina, HI Metro Area",167417,27980
"Abilene, TX Metro Area",172060,10180
"Adrian, MI Micro Area",98451,10300
"Aberdeen, SD Micro Area",42668,10100
"Aberdeen, WA Micro Area",75061,10140
"Ada, OK Micro Area",38284,10220
"Aguadilla-Isabela, PR Metro Area",289289,10380
"Albany-Lebanon, OR Metro Area",129749,10540
"Akron, OH Metro Area",703479,10420
"Alamogordo, NM Micro Area",67490,10460
"Albany, GA Metro Area",146726,10500
"Albany-Schenectady-Troy, NY Metro Area",880381,10580
"Albemarle, NC Micro Area",62806,10620
"Albert Lea, MN Micro Area",30281,10660
"Albertville, AL Micro Area",96774,10700
"Alexandria, MN Micro Area",38141,10820
"Albuquerque, NM Metro Area",918018,10740
"Alexander City, AL Micro Area",51030,10760
"Alexandria, LA Metro Area",152037,10780
"Alice, TX Micro Area",51639,10860
"Allentown-Bethlehem-Easton, PA-NJ Metro Area",844052,10900
"Alma, MI Micro Area",40711,10940
"Alpena, MI Micro Area",28405,10980
"Amsterdam, NY Micro Area",49221,11220
"Altoona, PA Metro Area",121829,11020
"Altus, OK Micro Area",24530,11060
"Amarillo, TX Metro Area",265053,11100
"Americus, GA Micro Area",34781,11140
"Ames, IA Metro Area",123351,11180
"Anchorage, AK Metro Area",396317,11260
"Andrews, TX Micro Area",18705,11380
"Ardmore, OK Micro Area",58364,11620
"Angola, IN Micro Area",34594,11420
"Ann Arbor, MI Metro Area",367601,11460
"Anniston-Oxford, AL Metro Area",113605,11500
"Appleton, WI Metro Area",237974,11540
"Arcadia, FL Micro Area",38001,11580
"Arecibo, PR Metro Area",174606,11640
"Arkadelphia, AR Micro Area",22320,11660
"Astoria, OR Micro Area",40224,11820
"Asheville, NC Metro Area",462680,11700
"Ashland, OH Micro Area",53484,11740
"Ashtabula, OH Micro Area",97241,11780
"Atchison, KS Micro Area",16073,11860
"Athens, OH Micro Area",65327,11900
"Athens, TN Micro Area",53794,11940
"Athens, TX Micro Area",82737,11980
"Atmore, AL Micro Area",36633,12120
"Athens-Clarke County, GA Metro Area",213750,12020
"Atlanta-Sandy Springs-Alpharetta, GA Metro Area",6020364,12060
"Atlantic City-Hammonton, NJ Metro Area",263670,12100
"Auburn, IN Micro Area",43475,12140
"Auburn, NY Micro Area",76576,12180
"Auburn-Opelika, AL Metro Area",164542,12220
"Augusta-Richmond County, GA-SC Metro Area",608980,12260
"Baltimore-Columbia-Towson, MD Metro Area",2800053,12580
"Baton Rouge, LA Metro Area",854884,12940
"Battle Creek, MI Metro Area",134159,12980
"Augusta-Waterville, ME Micro Area",122302,12300
"Austin, MN Micro Area",40062,12380
"Austin-Round Rock-Georgetown, TX Metro Area",2227083,12420
"Bainbridge, GA Micro Area",26404,12460
"Bakersfield, CA Metro Area",900202,12540
"Bangor, ME Metro Area",152148,12620
"Baraboo, WI Micro Area",64442,12660
"Bardstown, KY Micro Area",46233,12680
"Barnstable Town, MA Metro Area",212990,12700
"Barre, VT Micro Area",58409,12740
"Bartlesville, OK Micro Area",51527,12780
"Batavia, NY Micro Area",57280,12860
"Batesville, AR Micro Area",55267,12900
"Bay City, MI Metro Area",103126,13020
"Bay City, TX Micro Area",36643,13060
"Beatrice, NE Micro Area",21513,13100
"Beaumont-Port Arthur, TX Metro Area",392563,13140
"Beaver Dam, WI Micro Area",87839,13180
"Beckley, WV Metro Area",115767,13220
"Bedford, IN Micro Area",45370,13260
"Bemidji, MN Micro Area",47188,13420
"Beeville, TX Micro Area",32565,13300
"Bellefontaine, OH Micro Area",45672,13340
"Bellingham, WA Metro Area",229247,13380
"Bend, OR Metro Area",197692,13460
"Big Rapids, MI Micro Area",43453,13660
"Bennettsville, SC Micro Area",26118,13500
"Bennington, VT Micro Area",35470,13540
"Berlin, NH Micro Area",31563,13620
"Big Spring, TX Micro Area",36664,13700
"Ottumwa, IA Micro Area",34969,36900
"Ottawa, IL Micro Area",147036,36837
"Oskaloosa, IA Micro Area",22095,36820
"Othello, WA Micro Area",19983,36830
"Ottawa, KS Micro Area",25544,36840
"Oshkosh-Neenah, WI Metro Area",171907,36780
"Owatonna, MN Micro Area",36649,36940
"Owensboro, KY Metro Area",119440,36980
"Ogdensburg-Massena, NY Micro Area",107740,36300
"Odessa, TX Metro Area",166223,36220
"Ogden-Clearfield, UT Metro Area",683864,36260
"Oak Harbor, WA Micro Area",85141,36020
"Ocala, FL Metro Area",365579,36100
"Ocean City, NJ Metro Area",92039,36140
"Oil City, PA Micro Area",50668,36340
"Okeechobee, FL Micro Area",42168,36380
"Oklahoma City, OK Metro Area",1408950,36420
"Olean, NY Micro Area",76117,36460
"Olympia-Lacey-Tumwater, WA Metro Area",290536,36500
"Omaha-Council Bluffs, NE-IA Metro Area",949442,36540
"Oxford, MS Micro Area",54019,37060
"Pahrump, NV Micro Area",46523,37220
"Oxnard-Thousand Oaks-Ventura, CA Metro Area",846006,37100
"Ozark, AL Micro Area",49172,37120
"Paducah, KY-IL Micro Area",96272,37140
"Palatka, FL Micro Area",74521,37260
"Palestine, TX Micro Area",57735,37300
"Palm Bay-Melbourne-Titusville, FL Metro Area",601942,37340
"Pampa, TX Micro Area",22740,37420
"Paris, TN Micro Area",32345,37540
"Paris, TX Micro Area",49859,37580
"Panama City, FL Metro Area",174705,37460
"Paragould, AR Micro Area",45325,37500
"Parkersburg-Vienna, WV Metro Area",89339,37620
"Parsons, KS Micro Area",19618,37660
"Payson, AZ Micro Area",54018,37740
"Pearsall, TX Micro Area",20306,37770
"Peoria, IL Metro Area",400561,37900
"Pecos, TX Micro Area",16145,37780
"Pella, IA Micro Area",33253,37800
"Pensacola-Ferry Pass-Brent, FL Metro Area",502629,37860
"Peru, IN Micro Area",35516,37940
"Philadelphia-Camden-Wilmington, PA-NJ-DE-MD Metro Area",6102434,37980
"Phoenix-Mesa-Chandler, AZ Metro Area",4948203,38060
"Picayune, MS Micro Area",55535,38100
"Pittsburg, KS Micro Area",38818,38260
"Pierre, SD Micro Area",20624,38180
"Pine Bluff, AR Metro Area",87804,38220
"Pinehurst-Southern Pines, NC Micro Area",100880,38240
"Pittsburgh, PA Metro Area",2317600,38300
"Pittsfield, MA Metro Area",124944,38340
"Plainview, TX Micro Area",33406,38380
"Platteville, WI Micro Area",51439,38420
"Point Pleasant, WV-OH Micro Area",56414,38580
"Pocatello, ID Metro Area",95489,38540
"Plattsburgh, NY Micro Area",80485,38460
"Plymouth, IN Micro Area",46258,38500
"Ponca City, OK Micro Area",43538,38620
"Ponce, PR Metro Area",215295,38660
"Pontiac, IL Micro Area",35648,38700
"Poplar Bluff, MO Micro Area",55766,38740
"Portland-Vancouver-Hillsboro, OR-WA Metro Area",2492412,38900
"Portales, NM Micro Area",18500,38780
"Port Angeles, WA Micro Area",77331,38820
"Portland-South Portland, ME Metro Area",538500,38860
"Port Lavaca, TX Micro Area",21290,38920
"Port St. Lucie, FL Metro Area",489297,38940
"Portsmouth, OH Micro Area",75314,39020
"Pottsville, PA Micro Area",141359,39060
"Provo-Orem, UT Metro Area",648252,39340
"Poughkeepsie-Newburgh-Middletown, NY Metro Area",679158,39100
"Prescott Valley-Prescott, AZ Metro Area",235099,39150
"Price, UT Micro Area",20463,39220
"Prineville, OR Micro Area",24404,39260
"Providence-Warwick, RI-MA Metro Area",1624578,39300
"Pueblo, CO Metro Area",168424,39380
"Pullman, WA Micro Area",50104,39420
"Raleigh-Cary, NC Metro Area",1390785,39580
"Punta Gorda, FL Metro Area",188910,39460
"Quincy, IL-MO Micro Area",75211,39500
"Racine, WI Metro Area",196311,39540
"Rapid City, SD Metro Area",142107,39660
"Raymondville, TX Micro Area",21358,39700
"Reading, PA Metro Area",421164,39740
"Red Bluff, CA Micro Area",65084,39780
"Rexburg, ID Micro Area",53006,39940
"Redding, CA Metro Area",180080,39820
"Red Wing, MN Micro Area",46340,39860
"Reno, NV Metro Area",475642,39900
"Richmond, IN Micro Area",65884,39980
"Rolla, MO Micro Area",44573,40620
"Rock Springs, WY Micro Area",42343,40540
"Rockingham, NC Micro Area",44829,40460
"Rockport, TX Micro Area",23510,40530
"Rocky Mount, NC Metro Area",145770,40580
"Rockford, IL Metro Area",336116,40420
"Rome, GA Metro Area",98498,40660
"Roseburg, OR Micro Area",110980,40700
"Roswell, NM Micro Area",64615,40740
"Rutland, VT Micro Area",58191,40860
"Ruidoso, NM Micro Area",19572,40760
"Russellville, AR Micro Area",85413,40780
"Ruston, LA Micro Area",46742,40820
"Sacramento-Roseville-Folsom, CA Metro Area",2363730,40900
"Richmond, VA Metro Area",1291900,40060
"Richmond-Berea, KY Micro Area",107093,40080
"Rio Grande City-Roma, TX Micro Area",64633,40100
"Riverside-San Bernardino-Ontario, CA Metro Area",4650631,40140
"Riverton, WY Micro Area",39261,40180
"Rochester, MN Metro Area",221921,40340
"Safford, AZ Micro Area",38837,40940
"Saginaw, MI Metro Area",190539,40980
"Roanoke, VA Metro Area",313222,40220
"Roanoke Rapids, NC Micro Area",69493,40260
"Rochelle, IL Micro Area",50643,40300
"Rochester, NY Metro Area",1069644,40380
"St. Cloud, MN Metro Area",201964,41060
"St. Marys, GA Micro Area",54666,41220
"St. George, UT Metro Area",177556,41100
"St. Joseph, MO-KS Metro Area",125223,41140
"St. Louis, MO-IL Metro Area",2803228,41180
"St. Marys, PA Micro Area",29910,41260
"Salem, OH Micro Area",101883,41400
"Salem, OR Metro Area",433903,41420
"Salina, KS Micro Area",59928,41460
"San Angelo, TX Metro Area",122027,41660
"Salinas, CA Metro Area",434061,41500
"Salisbury, MD-DE Metro Area",415726,41540
"Salt Lake City, UT Metro Area",1232696,41620
"San Antonio-New Braunfels, TX Metro Area",2550960,41700
"San Diego-Chula Vista-Carlsbad, CA Metro Area",3338330,41740
"Sandpoint, ID Micro Area",45739,41760
"Sandusky, OH Micro Area",74266,41780
"Sanford, NC Micro Area",61779,41820
"San Francisco-Oakland-Berkeley, CA Metro Area",4731803,41860
"San Germán, PR Metro Area",121464,41900
"San Jose-Sunnyvale-Santa Clara, CA Metro Area",1990660,41940
"San Juan-Bayamón-Caguas, PR Metro Area",2023227,41980
"Searcy, AR Micro Area",78753,42620
"Sayre, PA Micro Area",60323,42380
"Scottsbluff, NE Micro Area",37529,42420
"Scottsboro, AL Micro Area",51626,42460
"Scottsburg, IN Micro Area",23873,42500
"Scranton--Wilkes-Barre, PA Metro Area",553885,42540
"Seattle-Tacoma-Bellevue, WA Metro Area",3979845,42660
"Sebastian-Vero Beach, FL Metro Area",159923,42680
"Sebring-Avon Park, FL Metro Area",106221,42700
"Sedalia, MO Micro Area",42339,42740
"Seymour, IN Micro Area",44231,42980
"Selinsgrove, PA Micro Area",40372,42780
"Selma, AL Micro Area",37196,42820
"Seneca, SC Micro Area",79546,42860
"Seneca Falls, NY Micro Area",34016,42900
"Sevierville, TN Micro Area",98250,42940
"San Luis Obispo-Paso Robles, CA Metro Area",283111,42020
"Santa Cruz-Watsonville, CA Metro Area",273213,42100
"Santa Fe, NM Metro Area",150358,42140
"Santa Isabel, PR Micro Area",21209,42180
"Santa Maria-Santa Barbara, CA Metro Area",446499,42200
"Santa Rosa-Petaluma, CA Metro Area",494336,42220
"Sault Ste. Marie, MI Micro Area",37349,42300
"Savannah, GA Metro Area",393353,42340
"Shawano, WI Micro Area",45455,43020
"Shawnee, OK Micro Area",72592,43060
"Shelton, WA Micro Area",66768,43220
"Sheboygan, WI Metro Area",115340,43100
"Shelby, NC Micro Area",97947,43140
"Shelbyville, TN Micro Area",49713,43180
"Sheridan, WY Micro Area",30485,43260
"Sherman-Denison, TX Metro Area",136212,43300
"Show Low, AZ Micro Area",110924,43320
"Shreveport-Bossier City, LA Metro Area",394706,43340
"Silver City, NM Micro Area",26998,43500
"Sidney, OH Micro Area",48590,43380
"Sierra Vista-Douglas, AZ Metro Area",125922,43420
"Sikeston, MO Micro Area",38280,43460
"Sioux City, IA-NE-SD Metro Area",144701,43580
"Sioux Falls, SD Metro Area",268232,43620
"Snyder, TX Micro Area",16703,43660
"Somerset, KY Micro Area",64979,43700
"Spartanburg, SC Metro Area",319785,43900
"Sonora, CA Micro Area",54478,43760
"Somerset, PA Micro Area",73447,43740
"South Bend-Mishawaka, IN-MI Metro Area",323613,43780
"Spearfish, SD Micro Area",25844,43940
"Spencer, IA Micro Area",16016,43980
"Spirit Lake, IA Micro Area",17258,44020
"Spokane-Spokane Valley, WA Metro Area",568521,44060
"Springfield, OH Metro Area",134083,44220
"Springfield, IL Metro Area",206868,44100
"Springfield, MA Metro Area",697382,44140
"Springfield, MO Metro Area",470300,44180
"Starkville, MS Micro Area",59276,44260
"State College, PA Metro Area",162385,44300
"Statesboro, GA Micro Area",79608,44340
"Staunton, VA Metro Area",123120,44420
"Stillwater, OK Micro Area",81784,44660
"Steamboat Springs, CO Micro Area",25638,44460
"Stephenville, TX Micro Area",42698,44500
"Sterling, CO Micro Area",22409,44540
"Sterling, IL Micro Area",55175,44580
"Stevens Point, WI Micro Area",70772,44620
"Stockton, CA Metro Area",762148,44700
"Storm Lake, IA Micro Area",19620,44740
"Sumter, SC Metro Area",140466,44940
"Sturgis, MI Micro Area",60964,44780
"Sulphur Springs, TX Micro Area",37084,44860
"Summerville, GA Micro Area",24789,44900
"Sunbury, PA Micro Area",90843,44980
"Susanville, CA Micro Area",30573,45000
"Sweetwater, TX Micro Area",14714,45020
"Syracuse, NY Metro Area",648593,45060
"Tampa-St. Petersburg-Clearwater, FL Metro Area",3194831,45300
"Tahlequah, OK Micro Area",48657,45140
"Talladega-Sylacauga, AL Micro Area",79978,45180
"Tallahassee, FL Metro Area",387227,45220
"Taos, NM Micro Area",32723,45340
"Taylorville, IL Micro Area",32304,45380
"Terre Haute, IN Metro Area",186367,45460
"Texarkana, TX-AR Metro Area",148761,45500
"Tifton, GA Micro Area",40644,45700
"The Dalles, OR Micro Area",26682,45520
"The Villages, FL Metro Area",132420,45540
"Thomaston, GA Micro Area",26320,45580
"Thomasville, GA Micro Area",44451,45620
"Tiffin, OH Micro Area",55178,45660
"Toccoa, GA Micro Area",25925,45740
"Toledo, OH Metro Area",641816,45780
"Trenton-Princeton, NJ Metro Area",367430,45940
"Traverse City, MI Micro Area",150653,45900
"Topeka, KS Metro Area",231969,45820
"Torrington, CT Micro Area",180333,45860
"Troy, AL Micro Area",33114,45980
"Truckee-Grass Valley, CA Micro Area",99755,46020
"Tucson, AZ Metro Area",1047279,46060
"Tullahoma-Manchester, TN Micro Area",105216,46100
"Twin Falls, ID Metro Area",111290,46300
"Tulsa, OK Metro Area",998626,46140
"Tupelo, MS Micro Area",166126,46180
"Tuscaloosa, AL Metro Area",252047,46220
"Tyler, TX Metro Area",232751,46340
"Ukiah, CA Micro Area",86749,46380
"Union, SC Micro Area",27316,46420
"Union City, TN Micro Area",30069,46460
"Uvalde, TX Micro Area",26741,46620
"Urban Honolulu, HI Metro Area",974563,46520
"Urbana, OH Micro Area",38885,46500
"Utica-Rome, NY Metro Area",289990,46540
"Valdosta, GA Metro Area",147292,46660
"Vallejo, CA Metro Area",447643,46700
"Van Wert, OH Micro Area",28275,46780
"Vermillion, SD Micro Area",14070,46820
"Victoria, TX Metro Area",99742,47020
"Vernal, UT Micro Area",35734,46860
"Vernon, TX Micro Area",12769,46900
"Vicksburg, MS Micro Area",45381,46980
"Vidalia, GA Micro Area",36002,47080
"Vincennes, IN Micro Area",36594,47180
"Vineland-Bridgeton, NJ Metro Area",149527,47220
"Vineyard Haven, MA Micro Area",17332,47240
"Walla Walla, WA Metro Area",60760,47460
"Virginia Beach-Norfolk-Newport News, VA-NC Metro Area",1768901,47260
"Visalia, CA Metro Area",466195,47300
"Wabash, IN Micro Area",30996,47340
"Waco, TX Metro Area",273920,47380
"Wahpeton, ND-MN Micro Area",22384,47420
"Wapakoneta, OH Micro Area",45656,47540
"Warner Robins, GA Metro Area",185409,47580
"Warren, PA Micro Area",39191,47620
"Kingsville, TX Micro Area",31084,28780
"Kirksville, MO Micro Area",30003,28860
"Kingsport-Bristol, TN-VA Metro Area",307202,28700
"Kingston, NY Metro Area",177573,28740
"Kinston, NC Micro Area",55949,28820
"Klamath Falls, OR Micro Area",68238,28900
"Knoxville, TN Metro Area",869046,28940
"Kalamazoo-Portage, MI Metro Area",265066,28020
"Kalispell, MT Micro Area",103806,28060
"Kankakee, IL Metro Area",109862,28100
"Kansas City, MO-KS Metro Area",2157990,28140
"Kapaa, HI Micro Area",72293,28180
"Kearney, NE Micro Area",56154,28260
"Keene, NH Micro Area",76085,28300
"Key West, FL Micro Area",74228,28580
"Kendallville, IN Micro Area",47744,28340
"Kennett, MO Micro Area",29131,28380
"Kennewick-Richland, WA Metro Area",299612,28420
"Kerrville, TX Micro Area",52600,28500
"Ketchikan, AK Micro Area",13901,28540
"Kill Devil Hills, NC Micro Area",37009,28620
"Killeen-Temple, TX Metro Area",460303,28660
"Kokomo, IN Metro Area",82544,29020
"Lafayette-West Lafayette, IN Metro Area",233002,29200
"Laconia, NH Micro Area",61303,29060
"La Crosse-Onalaska, WI-MN Metro Area",136616,29100
"Lafayette, LA Metro Area",489207,29180
"La Grande, OR Micro Area",26835,29260
"LaGrange, GA-AL Micro Area",103176,29300
"Lake Charles, LA Metro Area",210409,29340
"Lake City, FL Micro Area",71686,29380
"Lancaster, PA Metro Area",545724,29540
"Lamesa, TX Micro Area",12728,29500
"Lake Havasu City-Kingman, AZ Metro Area",212181,29420
"Lakeland-Winter Haven, FL Metro Area",724777,29460
"Lansing-East Lansing, MI Metro Area",550391,29620
"Laramie, WY Micro Area",38880,29660
"Laredo, TX Metro Area",276652,29700
"Las Cruces, NM Metro Area",218195,29740
"Laurinburg, NC Micro Area",34823,29900
"Las Vegas, NM Micro Area",31798,29780
"Las Vegas-Henderson-Paradise, NV Metro Area",2266715,29820
"Laurel, MS Micro Area",84481,29860
"Lawrence, KS Metro Area",122259,29940
"Lawrenceburg, TN Micro Area",44142,29980
"Lawton, OK Metro Area",126415,30020
"Lebanon, MO Micro Area",35723,30060
"Lewisburg, PA Micro Area",44923,30260
"Lebanon, NH-VT Micro Area",216986,30100
"Lebanon, PA Metro Area",141793,30140
"Levelland, TX Micro Area",23021,30220
"Lewistown, PA Micro Area",46138,30380
"Lewisburg, TN Micro Area",34375,30280
"Lewiston, ID-WA Metro Area",62990,30300
"Lewiston-Auburn, ME Metro Area",108277,30340
"Lima, OH Metro Area",102351,30620
"Lexington, NE Micro Area",25585,30420
"Lexington-Fayette, KY Metro Area",517056,30460
"Liberal, KS Micro Area",21428,30580
"Lincoln, IL Micro Area",28618,30660
"Lincoln, NE Metro Area",336374,30700
"Little Rock-North Little Rock-Conway, AR Metro Area",742384,30780
"Lock Haven, PA Micro Area",38632,30820
"Longview, TX Metro Area",286657,30980
"Logan, UT-ID Metro Area",142165,30860
"Logansport, IN Micro Area",37689,30900
"London, KY Micro Area",148123,30940
"Longview, WA Metro Area",110593,31020
"Los Alamos, NM Micro Area",19369,31060
"Los Angeles-Long Beach-Anaheim, CA Metro Area",13214799,31080
"Louisville/Jefferson County, KY-IN Metro Area",1265108,31140
"Madera, CA Metro Area",157327,31460
"Lubbock, TX Metro Area",322257,31180
"Ludington, MI Micro Area",29144,31220
"Lufkin, TX Micro Area",86715,31260
"Lumberton, NC Micro Area",130625,31300
"Lynchburg, VA Metro Area",263566,31340
"Macomb, IL Micro Area",29682,31380
"Macon-Bibb County, GA Metro Area",229996,31420
"Magnolia, AR Micro Area",23457,31620
"Madison, IN Micro Area",32308,31500
"Madison, WI Metro Area",664865,31540
"Madisonville, KY Micro Area",44686,31580
"Malone, NY Micro Area",50022,31660
"Malvern, AR Micro Area",33771,31680
"Manchester-Nashua, NH Metro Area",417025,31700
"Manhattan, KS Metro Area",130285,31740
"Marietta, OH Micro Area",59911,31930
"Manitowoc, WI Micro Area",78981,31820
"Mankato, MN Metro Area",101927,31860
"Mansfield, OH Metro Area",121154,31900
"Marinette, WI-MI Micro Area",63130,31940
"Marion, IN Micro Area",65769,31980
"McMinnville, TN Micro Area",41277,32660
"McPherson, KS Micro Area",28542,32700
"McAllen-Edinburg-Mission, TX Metro Area",868707,32580
"McComb, MS Micro Area",39288,32620
"Menomonie, WI Micro Area",45368,32860
"Meadville, PA Micro Area",84629,32740
"Medford, OR Metro Area",220944,32780
"Memphis, TN-MS-AR Metro Area",1346045,32820
"Marion, NC Micro Area",45756,32000
"Marion, OH Micro Area",65093,32020
"Marshalltown, IA Micro Area",39369,32260
"Marquette, MI Micro Area",66699,32100
"Marshall, MN Micro Area",25474,32140
"Marshall, MO Micro Area",22761,32180
"Merced, CA Metro Area",277680,32900
"Meridian, MS Micro Area",99408,32940
"Martin, TN Micro Area",33328,32280
"Martinsville, VA Micro Area",63111,32300
"Maryville, MO Micro Area",22092,32340
"Mason City, IA Micro Area",49831,32380
"Mayagüez, PR Metro Area",94975,32420
"Mayfield, KY Micro Area",37266,32460
"Maysville, KY Micro Area",17070,32500
"McAlester, OK Micro Area",43654,32540
"Mexico, MO Micro Area",25388,33020
"Miami, OK Micro Area",31127,33060
"Midland, MI Metro Area",83156,33220
"Miami-Fort Lauderdale-Pompano Beach, FL Metro Area",6166488,33100
"Michigan City-La Porte, IN Metro Area",109888,33140
"Middlesborough, KY Micro Area",26032,33180
"Midland, TX Metro Area",182603,33260
"Milledgeville, GA Micro Area",53347,33300
"Milwaukee-Waukesha, WI Metro Area",1575179,33340
"Minden, LA Micro Area",38340,33380
"Missoula, MT Metro Area",119600,33540
"Mineral Wells, TX Micro Area",29189,33420
"Minneapolis-St. Paul-Bloomington, MN-WI Metro Area",3640043,33460
"Minot, ND Micro Area",75713,33500
"Mitchell, SD Micro Area",23228,33580
"Moberly, MO Micro Area",24748,33620
"Mobile, AL Metro Area",429536,33660
"Modesto, CA Metro Area",550660,33700
"Monroe, LA Metro Area",200261,33740
"Montgomery, AL Metro Area",373290,33860
"Monroe, MI Metro Area",150500,33780
"Montrose, CO Micro Area",47710,33940
"Morehead City, NC Micro Area",69473,33980
"Murray, KY Micro Area",39001,34660
"Mount Vernon, OH Micro Area",62322,34540
"Mount Vernon-Anacortes, WA Metro Area",129205,34580
"Muncie, IN Metro Area",114135,34620
"Muscatine, IA Micro Area",42664,34700
"Nacogdoches, TX Micro Area",65204,34860
"Myrtle Beach-Conway-North Myrtle Beach, SC-NC Metro Area",496901,34820
"Muskegon, MI Metro Area",173566,34740
"Muskogee, OK Micro Area",67997,34780
"Napa, CA Metro Area",137744,34900
"Naples-Marco Island, FL Metro Area",384902,34940
"Nashville-Davidson--Murfreesboro--Franklin, TN Metro Area",1934317,34980
"Morgan City, LA Micro Area",49348,34020
"Morgantown, WV Metro Area",139044,34060
"Morristown, TN Metro Area",142749,34100
"Mountain Home, AR Micro Area",41932,34260
"Moscow, ID Micro Area",40108,34140
"Moses Lake, WA Micro Area",97733,34180
"Moultrie, GA Micro Area",45600,34220
"Mountain Home, ID Micro Area",27511,34300
"Mount Airy, NC Micro Area",71783,34340
"Mount Gay-Shamrock, WV Micro Area",32019,34350
"Mount Pleasant, MI Micro Area",69872,34380
"Mount Pleasant, TX Micro Area",45844,34420
"Mount Sterling, KY Micro Area",47146,34460
"Mount Vernon, IL Micro Area",37684,34500
"Natchez, MS-LA Micro Area",49952,35020
"New Castle, IN Micro Area",47972,35220
"Natchitoches, LA Micro Area",38158,35060
"New Bern, NC Metro Area",124284,35100
"Newberry, SC Micro Area",38440,35140
"New Castle, PA Micro Area",85512,35260
"New Haven-Milford, CT Metro Area",854757,35300
"New Orleans-Metairie, LA Metro Area",1270530,35380
"New Philadelphia-Dover, OH Micro Area",91987,35420
"New York-Newark-Jersey City, NY-NJ-PA Metro Area",19216182,35620
"Newport, OR Micro Area",49962,35440
"Newport, TN Micro Area",36004,35460
"New Ulm, MN Micro Area",25008,35580
"Niles, MI Metro Area",153401,35660
"Nogales, AZ Micro Area",46498,35700
"Norfolk, NE Micro Area",48167,35740
"North Platte, NE Micro Area",36156,35820
"North Port-Sarasota-Bradenton, FL Metro Area",836995,35840
"North Vernon, IN Micro Area",27735,35860
"Warrensburg, MO Micro Area",54062,47660
"Warsaw, IN Micro Area",79456,47700
"Washington, IN Micro Area",33351,47780
"Washington, NC Micro Area",46994,47820
"Washington-Arlington-Alexandria, DC-VA-MD-WV Metro Area",6280487,47900
"Washington Court House, OH Micro Area",28525,47920
"Oneonta, NY Micro Area",59493,36580
"North Wilkesboro, NC Micro Area",68412,35900
"Norwalk, OH Micro Area",58266,35940
"Norwich-New London, CT Metro Area",265206,35980
"Ontario, OR-ID Micro Area",54522,36620
"Waterloo-Cedar Falls, IA Metro Area",168522,47940
"Wauchula, FL Micro Area",26937,48100
"Watertown, SD Micro Area",34173,47980
"Watertown-Fort Atkinson, WI Micro Area",84769,48020
"Watertown-Fort Drum, NY Metro Area",109834,48060
"Wausau-Weston, WI Metro Area",163285,48140
"Waycross, GA Micro Area",55199,48180
"Weatherford, OK Micro Area",29003,48220
"Weirton-Steubenville, WV-OH Metro Area",116074,48260
"Wichita, KS Metro Area",640218,48620
"Wenatchee, WA Metro Area",120629,48300
"West Plains, MO Micro Area",40117,48460
"West Point, MS Micro Area",19316,48500
"Wheeling, WV-OH Metro Area",138948,48540
"Whitewater, WI Micro Area",103868,48580
"Wichita Falls, TX Metro Area",151254,48660
"Williamsport, PA Metro Area",113299,48700
"Wilmington, OH Micro Area",41968,48940
"Williston, ND Micro Area",37589,48780
"Willmar, MN Micro Area",43199,48820
"Wilmington, NC Metro Area",297533,48900
"Wilson, NC Micro Area",81801,48980
"Winchester, VA-WV Metro Area",140566,49020
"Winfield, KS Micro Area",34908,49060
"Winnemucca, NV Micro Area",16831,49080
"Woodward, OK Micro Area",24070,49260
"Winona, MN Micro Area",50484,49100
"Winston-Salem, NC Metro Area",676008,49180
"Wisconsin Rapids-Marshfield, WI Micro Area",72999,49220
"Wooster, OH Micro Area",115710,49300
"Worcester, MA-CT Metro Area",947404,49340
"Worthington, MN Micro Area",21629,49380
"Yakima, WA Metro Area",250873,49420
"Youngstown-Warren-Boardman, OH-PA Metro Area",536081,49660
"Yauco, PR Metro Area",85830,49500
"Yankton, SD Micro Area",22814,49460
"York-Hanover, PA Metro Area",449058,49620
"Yuba City, CA Metro Area",175639,49700
"Yuma, AZ Metro Area",213787,49740
"Zanesville, OH Micro Area",86215,49780
"Zapata, TX Micro Area",14179,49820
"Opelousas, LA Micro Area",82124,36660
"Orangeburg, SC Micro Area",86175,36700
"Orlando-Kissimmee-Sanford, FL Metro Area",2608147,36740
"Fort Dodge, IA Micro Area",35904,22700
"Fort Collins, CO Metro Area",356899,22660
